{"duration":0.8899999856948853,"magnitude":1.590000033378601,"interpolationSpeed":13.199999809265137,"roughness":0.03099999949336052,"rotationMagnitude":2.5999999046325685,"originalPosition":{"x":0.0,"y":0.0,"z":-10.0},"originalRotation":{"x":0.0,"y":0.0,"z":0.0,"w":1.0}}